k,GMM,Kmeans
2,0.886734693877551,0.886734693877551
3,0.886734693877551,0.886734693877551
4,0.886734693877551,0.886734693877551
5,0.886734693877551,0.886734693877551
6,0.886734693877551,0.886734693877551
7,0.886734693877551,0.886734693877551
8,0.886734693877551,0.886734693877551
9,0.886734693877551,0.886734693877551
10,0.886734693877551,0.886734693877551
15,0.886734693877551,0.886734693877551
20,0.886734693877551,0.886734693877551
25,0.886734693877551,0.886734693877551
30,0.886734693877551,0.886734693877551
35,0.889795918367347,0.8877551020408163
40,0.889795918367347,0.889795918367347
